radius,num_clust,max_clust_size,max_normalized,mean_clust_size,median_clust_size
2,29,3,0.0882352941176471,1.17241379310345,1
3,26,3,0.0882352941176471,1.30769230769231,1
4,25,4,0.117647058823529,1.36,1
5,25,4,0.117647058823529,1.36,1
6,25,4,0.117647058823529,1.36,1
7,25,4,0.117647058823529,1.36,1
8,25,4,0.117647058823529,1.36,1
9,25,4,0.117647058823529,1.36,1
10,24,4,0.117647058823529,1.41666666666667,1
11,24,4,0.117647058823529,1.41666666666667,1
12,24,4,0.117647058823529,1.41666666666667,1
13,24,4,0.117647058823529,1.41666666666667,1
14,24,4,0.117647058823529,1.41666666666667,1
15,24,4,0.117647058823529,1.41666666666667,1
16,24,4,0.117647058823529,1.41666666666667,1
17,24,4,0.117647058823529,1.41666666666667,1
18,24,4,0.117647058823529,1.41666666666667,1
19,24,4,0.117647058823529,1.41666666666667,1
20,24,4,0.117647058823529,1.41666666666667,1
21,24,4,0.117647058823529,1.41666666666667,1
22,23,4,0.117647058823529,1.47826086956522,1
23,23,4,0.117647058823529,1.47826086956522,1
24,23,4,0.117647058823529,1.47826086956522,1
25,23,4,0.117647058823529,1.47826086956522,1
26,23,4,0.117647058823529,1.47826086956522,1
27,23,4,0.117647058823529,1.47826086956522,1
28,23,4,0.117647058823529,1.47826086956522,1
29,23,4,0.117647058823529,1.47826086956522,1
30,22,4,0.117647058823529,1.54545454545455,1
31,22,4,0.117647058823529,1.54545454545455,1
32,22,4,0.117647058823529,1.54545454545455,1
33,22,4,0.117647058823529,1.54545454545455,1
34,22,4,0.117647058823529,1.54545454545455,1
35,22,4,0.117647058823529,1.54545454545455,1
36,22,4,0.117647058823529,1.54545454545455,1
37,22,4,0.117647058823529,1.54545454545455,1
38,22,4,0.117647058823529,1.54545454545455,1
39,22,4,0.117647058823529,1.54545454545455,1
40,21,4,0.117647058823529,1.61904761904762,1
41,20,4,0.117647058823529,1.7,1
42,19,5,0.147058823529412,1.78947368421053,1
43,17,5,0.147058823529412,2,1
44,17,5,0.147058823529412,2,1
45,17,5,0.147058823529412,2,1
46,17,5,0.147058823529412,2,1
47,16,9,0.264705882352941,2.125,1
48,16,9,0.264705882352941,2.125,1
49,15,9,0.264705882352941,2.26666666666667,1
50,15,9,0.264705882352941,2.26666666666667,1
51,15,9,0.264705882352941,2.26666666666667,1
52,15,9,0.264705882352941,2.26666666666667,1
53,15,9,0.264705882352941,2.26666666666667,1
54,14,9,0.264705882352941,2.42857142857143,1
55,14,9,0.264705882352941,2.42857142857143,1
56,14,9,0.264705882352941,2.42857142857143,1
57,14,9,0.264705882352941,2.42857142857143,1
58,14,9,0.264705882352941,2.42857142857143,1
59,14,9,0.264705882352941,2.42857142857143,1
60,13,10,0.294117647058824,2.61538461538462,1
61,13,10,0.294117647058824,2.61538461538462,1
62,13,10,0.294117647058824,2.61538461538462,1
63,13,10,0.294117647058824,2.61538461538462,1
64,13,10,0.294117647058824,2.61538461538462,1
65,13,10,0.294117647058824,2.61538461538462,1
66,13,10,0.294117647058824,2.61538461538462,1
67,13,10,0.294117647058824,2.61538461538462,1
68,13,10,0.294117647058824,2.61538461538462,1
69,13,10,0.294117647058824,2.61538461538462,1
70,13,10,0.294117647058824,2.61538461538462,1
71,13,10,0.294117647058824,2.61538461538462,1
72,13,10,0.294117647058824,2.61538461538462,1
73,13,10,0.294117647058824,2.61538461538462,1
74,13,10,0.294117647058824,2.61538461538462,1
75,13,10,0.294117647058824,2.61538461538462,1
76,13,10,0.294117647058824,2.61538461538462,1
77,13,10,0.294117647058824,2.61538461538462,1
78,13,10,0.294117647058824,2.61538461538462,1
79,13,10,0.294117647058824,2.61538461538462,1
80,13,10,0.294117647058824,2.61538461538462,1
81,13,10,0.294117647058824,2.61538461538462,1
82,13,10,0.294117647058824,2.61538461538462,1
83,13,10,0.294117647058824,2.61538461538462,1
84,13,10,0.294117647058824,2.61538461538462,1
85,13,10,0.294117647058824,2.61538461538462,1
86,13,10,0.294117647058824,2.61538461538462,1
87,13,10,0.294117647058824,2.61538461538462,1
88,13,10,0.294117647058824,2.61538461538462,1
89,13,10,0.294117647058824,2.61538461538462,1
90,13,10,0.294117647058824,2.61538461538462,1
91,13,10,0.294117647058824,2.61538461538462,1
92,13,10,0.294117647058824,2.61538461538462,1
93,13,10,0.294117647058824,2.61538461538462,1
94,13,10,0.294117647058824,2.61538461538462,1
95,13,10,0.294117647058824,2.61538461538462,1
96,13,10,0.294117647058824,2.61538461538462,1
97,13,10,0.294117647058824,2.61538461538462,1
98,13,10,0.294117647058824,2.61538461538462,1
99,13,10,0.294117647058824,2.61538461538462,1
100,13,10,0.294117647058824,2.61538461538462,1
101,13,10,0.294117647058824,2.61538461538462,1
102,13,10,0.294117647058824,2.61538461538462,1
103,13,10,0.294117647058824,2.61538461538462,1
104,13,10,0.294117647058824,2.61538461538462,1
105,13,10,0.294117647058824,2.61538461538462,1
106,13,10,0.294117647058824,2.61538461538462,1
107,13,10,0.294117647058824,2.61538461538462,1
108,13,10,0.294117647058824,2.61538461538462,1
109,13,10,0.294117647058824,2.61538461538462,1
110,13,10,0.294117647058824,2.61538461538462,1
111,13,10,0.294117647058824,2.61538461538462,1
112,13,10,0.294117647058824,2.61538461538462,1
113,13,10,0.294117647058824,2.61538461538462,1
114,13,10,0.294117647058824,2.61538461538462,1
115,12,10,0.294117647058824,2.83333333333333,1.5
116,12,10,0.294117647058824,2.83333333333333,1.5
117,12,10,0.294117647058824,2.83333333333333,1.5
118,12,10,0.294117647058824,2.83333333333333,1.5
119,12,10,0.294117647058824,2.83333333333333,1.5
120,12,10,0.294117647058824,2.83333333333333,1.5
121,12,10,0.294117647058824,2.83333333333333,1.5
122,12,10,0.294117647058824,2.83333333333333,1.5
123,12,10,0.294117647058824,2.83333333333333,1.5
124,12,10,0.294117647058824,2.83333333333333,1.5
125,12,10,0.294117647058824,2.83333333333333,1.5
126,12,10,0.294117647058824,2.83333333333333,1.5
127,12,10,0.294117647058824,2.83333333333333,1.5
128,12,10,0.294117647058824,2.83333333333333,1.5
129,12,10,0.294117647058824,2.83333333333333,1.5
130,12,10,0.294117647058824,2.83333333333333,1.5
131,12,10,0.294117647058824,2.83333333333333,1.5
132,10,14,0.411764705882353,3.4,1.5
133,10,14,0.411764705882353,3.4,1.5
134,10,14,0.411764705882353,3.4,1.5
135,10,14,0.411764705882353,3.4,1.5
136,10,14,0.411764705882353,3.4,1.5
137,10,14,0.411764705882353,3.4,1.5
138,10,14,0.411764705882353,3.4,1.5
139,10,14,0.411764705882353,3.4,1.5
140,10,14,0.411764705882353,3.4,1.5
141,10,14,0.411764705882353,3.4,1.5
142,10,14,0.411764705882353,3.4,1.5
143,10,14,0.411764705882353,3.4,1.5
144,10,14,0.411764705882353,3.4,1.5
145,10,14,0.411764705882353,3.4,1.5
146,10,14,0.411764705882353,3.4,1.5
147,10,14,0.411764705882353,3.4,1.5
148,10,14,0.411764705882353,3.4,1.5
149,10,14,0.411764705882353,3.4,1.5
150,10,14,0.411764705882353,3.4,1.5
151,10,14,0.411764705882353,3.4,1.5
152,10,14,0.411764705882353,3.4,1.5
153,10,14,0.411764705882353,3.4,1.5
154,10,14,0.411764705882353,3.4,1.5
155,10,14,0.411764705882353,3.4,1.5
156,10,14,0.411764705882353,3.4,1.5
157,10,14,0.411764705882353,3.4,1.5
158,10,14,0.411764705882353,3.4,1.5
159,9,14,0.411764705882353,3.77777777777778,1
160,9,14,0.411764705882353,3.77777777777778,1
161,9,14,0.411764705882353,3.77777777777778,1
162,9,14,0.411764705882353,3.77777777777778,1
163,9,14,0.411764705882353,3.77777777777778,1
164,9,14,0.411764705882353,3.77777777777778,1
165,9,14,0.411764705882353,3.77777777777778,1
166,9,14,0.411764705882353,3.77777777777778,1
167,9,14,0.411764705882353,3.77777777777778,1
168,9,14,0.411764705882353,3.77777777777778,1
169,9,14,0.411764705882353,3.77777777777778,1
170,9,14,0.411764705882353,3.77777777777778,1
171,9,14,0.411764705882353,3.77777777777778,1
172,9,14,0.411764705882353,3.77777777777778,1
173,9,14,0.411764705882353,3.77777777777778,1
174,9,14,0.411764705882353,3.77777777777778,1
175,9,14,0.411764705882353,3.77777777777778,1
176,9,14,0.411764705882353,3.77777777777778,1
177,9,14,0.411764705882353,3.77777777777778,1
178,9,14,0.411764705882353,3.77777777777778,1
179,9,14,0.411764705882353,3.77777777777778,1
180,9,14,0.411764705882353,3.77777777777778,1
181,9,14,0.411764705882353,3.77777777777778,1
182,9,14,0.411764705882353,3.77777777777778,1
183,9,14,0.411764705882353,3.77777777777778,1
184,9,14,0.411764705882353,3.77777777777778,1
185,9,14,0.411764705882353,3.77777777777778,1
186,9,14,0.411764705882353,3.77777777777778,1
187,9,14,0.411764705882353,3.77777777777778,1
188,9,14,0.411764705882353,3.77777777777778,1
189,9,14,0.411764705882353,3.77777777777778,1
190,9,14,0.411764705882353,3.77777777777778,1
191,9,14,0.411764705882353,3.77777777777778,1
192,9,14,0.411764705882353,3.77777777777778,1
193,9,14,0.411764705882353,3.77777777777778,1
194,9,14,0.411764705882353,3.77777777777778,1
195,9,14,0.411764705882353,3.77777777777778,1
196,9,14,0.411764705882353,3.77777777777778,1
197,9,14,0.411764705882353,3.77777777777778,1
198,9,14,0.411764705882353,3.77777777777778,1
199,9,14,0.411764705882353,3.77777777777778,1
200,9,14,0.411764705882353,3.77777777777778,1
201,9,14,0.411764705882353,3.77777777777778,1
202,9,14,0.411764705882353,3.77777777777778,1
203,9,14,0.411764705882353,3.77777777777778,1
204,9,14,0.411764705882353,3.77777777777778,1
205,9,14,0.411764705882353,3.77777777777778,1
206,9,14,0.411764705882353,3.77777777777778,1
207,9,14,0.411764705882353,3.77777777777778,1
208,9,14,0.411764705882353,3.77777777777778,1
209,9,14,0.411764705882353,3.77777777777778,1
210,9,14,0.411764705882353,3.77777777777778,1
211,9,14,0.411764705882353,3.77777777777778,1
212,9,14,0.411764705882353,3.77777777777778,1
213,9,14,0.411764705882353,3.77777777777778,1
214,9,14,0.411764705882353,3.77777777777778,1
215,9,14,0.411764705882353,3.77777777777778,1
216,9,14,0.411764705882353,3.77777777777778,1
217,9,14,0.411764705882353,3.77777777777778,1
218,9,14,0.411764705882353,3.77777777777778,1
219,9,14,0.411764705882353,3.77777777777778,1
220,9,14,0.411764705882353,3.77777777777778,1
221,9,14,0.411764705882353,3.77777777777778,1
222,9,14,0.411764705882353,3.77777777777778,1
223,9,14,0.411764705882353,3.77777777777778,1
224,9,14,0.411764705882353,3.77777777777778,1
225,9,14,0.411764705882353,3.77777777777778,1
226,9,14,0.411764705882353,3.77777777777778,1
227,9,14,0.411764705882353,3.77777777777778,1
228,9,14,0.411764705882353,3.77777777777778,1
229,9,14,0.411764705882353,3.77777777777778,1
230,9,14,0.411764705882353,3.77777777777778,1
231,9,14,0.411764705882353,3.77777777777778,1
232,9,14,0.411764705882353,3.77777777777778,1
233,9,14,0.411764705882353,3.77777777777778,1
234,9,14,0.411764705882353,3.77777777777778,1
235,9,14,0.411764705882353,3.77777777777778,1
236,9,14,0.411764705882353,3.77777777777778,1
237,9,14,0.411764705882353,3.77777777777778,1
238,9,14,0.411764705882353,3.77777777777778,1
239,9,14,0.411764705882353,3.77777777777778,1
240,9,14,0.411764705882353,3.77777777777778,1
241,9,14,0.411764705882353,3.77777777777778,1
242,9,14,0.411764705882353,3.77777777777778,1
243,9,14,0.411764705882353,3.77777777777778,1
244,9,14,0.411764705882353,3.77777777777778,1
245,9,14,0.411764705882353,3.77777777777778,1
246,9,14,0.411764705882353,3.77777777777778,1
247,9,14,0.411764705882353,3.77777777777778,1
248,9,14,0.411764705882353,3.77777777777778,1
249,9,14,0.411764705882353,3.77777777777778,1
250,9,14,0.411764705882353,3.77777777777778,1
251,9,14,0.411764705882353,3.77777777777778,1
252,9,14,0.411764705882353,3.77777777777778,1
253,9,14,0.411764705882353,3.77777777777778,1
254,9,14,0.411764705882353,3.77777777777778,1
255,9,14,0.411764705882353,3.77777777777778,1
256,9,14,0.411764705882353,3.77777777777778,1
257,9,14,0.411764705882353,3.77777777777778,1
258,9,14,0.411764705882353,3.77777777777778,1
259,9,14,0.411764705882353,3.77777777777778,1
260,9,14,0.411764705882353,3.77777777777778,1
261,9,14,0.411764705882353,3.77777777777778,1
262,9,14,0.411764705882353,3.77777777777778,1
263,9,14,0.411764705882353,3.77777777777778,1
264,9,14,0.411764705882353,3.77777777777778,1
265,9,14,0.411764705882353,3.77777777777778,1
266,9,14,0.411764705882353,3.77777777777778,1
267,9,14,0.411764705882353,3.77777777777778,1
268,9,14,0.411764705882353,3.77777777777778,1
269,9,14,0.411764705882353,3.77777777777778,1
270,9,14,0.411764705882353,3.77777777777778,1
271,9,14,0.411764705882353,3.77777777777778,1
272,9,14,0.411764705882353,3.77777777777778,1
273,9,14,0.411764705882353,3.77777777777778,1
274,9,14,0.411764705882353,3.77777777777778,1
275,9,14,0.411764705882353,3.77777777777778,1
276,9,14,0.411764705882353,3.77777777777778,1
277,9,14,0.411764705882353,3.77777777777778,1
278,9,14,0.411764705882353,3.77777777777778,1
279,9,14,0.411764705882353,3.77777777777778,1
280,9,14,0.411764705882353,3.77777777777778,1
281,9,14,0.411764705882353,3.77777777777778,1
282,9,14,0.411764705882353,3.77777777777778,1
283,9,14,0.411764705882353,3.77777777777778,1
284,9,14,0.411764705882353,3.77777777777778,1
285,9,14,0.411764705882353,3.77777777777778,1
286,9,14,0.411764705882353,3.77777777777778,1
287,9,14,0.411764705882353,3.77777777777778,1
288,9,14,0.411764705882353,3.77777777777778,1
289,9,14,0.411764705882353,3.77777777777778,1
290,9,14,0.411764705882353,3.77777777777778,1
291,9,14,0.411764705882353,3.77777777777778,1
292,9,14,0.411764705882353,3.77777777777778,1
293,9,14,0.411764705882353,3.77777777777778,1
294,9,14,0.411764705882353,3.77777777777778,1
295,9,14,0.411764705882353,3.77777777777778,1
296,9,14,0.411764705882353,3.77777777777778,1
297,9,14,0.411764705882353,3.77777777777778,1
298,9,14,0.411764705882353,3.77777777777778,1
299,9,14,0.411764705882353,3.77777777777778,1
300,9,14,0.411764705882353,3.77777777777778,1
301,9,14,0.411764705882353,3.77777777777778,1
302,9,14,0.411764705882353,3.77777777777778,1
303,9,14,0.411764705882353,3.77777777777778,1
304,9,14,0.411764705882353,3.77777777777778,1
305,9,14,0.411764705882353,3.77777777777778,1
306,9,14,0.411764705882353,3.77777777777778,1
307,9,14,0.411764705882353,3.77777777777778,1
308,9,14,0.411764705882353,3.77777777777778,1
309,9,14,0.411764705882353,3.77777777777778,1
310,9,14,0.411764705882353,3.77777777777778,1
311,9,14,0.411764705882353,3.77777777777778,1
312,9,14,0.411764705882353,3.77777777777778,1
313,9,14,0.411764705882353,3.77777777777778,1
314,9,14,0.411764705882353,3.77777777777778,1
315,9,14,0.411764705882353,3.77777777777778,1
316,9,14,0.411764705882353,3.77777777777778,1
317,9,14,0.411764705882353,3.77777777777778,1
318,9,14,0.411764705882353,3.77777777777778,1
319,9,14,0.411764705882353,3.77777777777778,1
320,9,14,0.411764705882353,3.77777777777778,1
321,9,14,0.411764705882353,3.77777777777778,1
322,9,14,0.411764705882353,3.77777777777778,1
323,9,14,0.411764705882353,3.77777777777778,1
324,9,14,0.411764705882353,3.77777777777778,1
325,9,14,0.411764705882353,3.77777777777778,1
326,9,14,0.411764705882353,3.77777777777778,1
327,9,14,0.411764705882353,3.77777777777778,1
328,9,14,0.411764705882353,3.77777777777778,1
329,9,14,0.411764705882353,3.77777777777778,1
330,9,14,0.411764705882353,3.77777777777778,1
331,9,14,0.411764705882353,3.77777777777778,1
332,9,14,0.411764705882353,3.77777777777778,1
333,9,14,0.411764705882353,3.77777777777778,1
334,9,14,0.411764705882353,3.77777777777778,1
335,9,14,0.411764705882353,3.77777777777778,1
336,9,14,0.411764705882353,3.77777777777778,1
337,9,14,0.411764705882353,3.77777777777778,1
338,9,14,0.411764705882353,3.77777777777778,1
339,9,14,0.411764705882353,3.77777777777778,1
340,9,14,0.411764705882353,3.77777777777778,1
341,9,14,0.411764705882353,3.77777777777778,1
342,9,14,0.411764705882353,3.77777777777778,1
343,9,14,0.411764705882353,3.77777777777778,1
344,9,14,0.411764705882353,3.77777777777778,1
345,9,14,0.411764705882353,3.77777777777778,1
346,9,14,0.411764705882353,3.77777777777778,1
347,9,14,0.411764705882353,3.77777777777778,1
348,9,14,0.411764705882353,3.77777777777778,1
349,9,14,0.411764705882353,3.77777777777778,1
350,9,14,0.411764705882353,3.77777777777778,1
351,9,14,0.411764705882353,3.77777777777778,1
352,9,14,0.411764705882353,3.77777777777778,1
353,9,14,0.411764705882353,3.77777777777778,1
354,9,14,0.411764705882353,3.77777777777778,1
355,8,14,0.411764705882353,4.25,2.5
356,8,14,0.411764705882353,4.25,2.5
357,8,14,0.411764705882353,4.25,2.5
358,8,14,0.411764705882353,4.25,2.5
359,8,14,0.411764705882353,4.25,2.5
360,8,14,0.411764705882353,4.25,2.5
361,8,14,0.411764705882353,4.25,2.5
362,8,14,0.411764705882353,4.25,2.5
363,8,14,0.411764705882353,4.25,2.5
364,8,14,0.411764705882353,4.25,2.5
365,8,14,0.411764705882353,4.25,2.5
366,8,14,0.411764705882353,4.25,2.5
367,8,14,0.411764705882353,4.25,2.5
368,8,14,0.411764705882353,4.25,2.5
369,8,14,0.411764705882353,4.25,2.5
370,8,14,0.411764705882353,4.25,2.5
371,8,14,0.411764705882353,4.25,2.5
372,8,14,0.411764705882353,4.25,2.5
373,8,14,0.411764705882353,4.25,2.5
374,8,14,0.411764705882353,4.25,2.5
375,8,14,0.411764705882353,4.25,2.5
376,8,14,0.411764705882353,4.25,2.5
377,8,14,0.411764705882353,4.25,2.5
378,8,14,0.411764705882353,4.25,2.5
379,8,14,0.411764705882353,4.25,2.5
380,8,14,0.411764705882353,4.25,2.5
381,8,14,0.411764705882353,4.25,2.5
382,8,14,0.411764705882353,4.25,2.5
383,8,14,0.411764705882353,4.25,2.5
384,8,14,0.411764705882353,4.25,2.5
385,8,14,0.411764705882353,4.25,2.5
386,8,14,0.411764705882353,4.25,2.5
387,8,14,0.411764705882353,4.25,2.5
388,8,14,0.411764705882353,4.25,2.5
389,8,14,0.411764705882353,4.25,2.5
390,8,14,0.411764705882353,4.25,2.5
391,7,14,0.411764705882353,4.85714285714286,5
392,7,14,0.411764705882353,4.85714285714286,5
393,7,14,0.411764705882353,4.85714285714286,5
394,7,14,0.411764705882353,4.85714285714286,5
395,7,14,0.411764705882353,4.85714285714286,5
396,7,14,0.411764705882353,4.85714285714286,5
397,7,14,0.411764705882353,4.85714285714286,5
398,7,14,0.411764705882353,4.85714285714286,5
399,7,14,0.411764705882353,4.85714285714286,5
400,7,14,0.411764705882353,4.85714285714286,5
401,7,14,0.411764705882353,4.85714285714286,5
402,7,14,0.411764705882353,4.85714285714286,5
403,7,14,0.411764705882353,4.85714285714286,5
404,7,14,0.411764705882353,4.85714285714286,5
405,7,14,0.411764705882353,4.85714285714286,5
406,7,14,0.411764705882353,4.85714285714286,5
407,7,14,0.411764705882353,4.85714285714286,5
408,7,14,0.411764705882353,4.85714285714286,5
409,7,14,0.411764705882353,4.85714285714286,5
410,7,14,0.411764705882353,4.85714285714286,5
411,7,14,0.411764705882353,4.85714285714286,5
412,7,14,0.411764705882353,4.85714285714286,5
413,7,14,0.411764705882353,4.85714285714286,5
414,7,14,0.411764705882353,4.85714285714286,5
415,7,14,0.411764705882353,4.85714285714286,5
416,7,14,0.411764705882353,4.85714285714286,5
417,7,14,0.411764705882353,4.85714285714286,5
418,7,14,0.411764705882353,4.85714285714286,5
419,7,14,0.411764705882353,4.85714285714286,5
420,7,14,0.411764705882353,4.85714285714286,5
421,7,14,0.411764705882353,4.85714285714286,5
422,7,14,0.411764705882353,4.85714285714286,5
423,7,14,0.411764705882353,4.85714285714286,5
424,7,14,0.411764705882353,4.85714285714286,5
425,7,14,0.411764705882353,4.85714285714286,5
426,7,14,0.411764705882353,4.85714285714286,5
427,7,14,0.411764705882353,4.85714285714286,5
428,7,14,0.411764705882353,4.85714285714286,5
429,7,14,0.411764705882353,4.85714285714286,5
430,7,14,0.411764705882353,4.85714285714286,5
431,7,14,0.411764705882353,4.85714285714286,5
432,7,14,0.411764705882353,4.85714285714286,5
433,7,14,0.411764705882353,4.85714285714286,5
434,7,14,0.411764705882353,4.85714285714286,5
435,7,14,0.411764705882353,4.85714285714286,5
436,7,14,0.411764705882353,4.85714285714286,5
437,7,14,0.411764705882353,4.85714285714286,5
438,7,14,0.411764705882353,4.85714285714286,5
439,7,14,0.411764705882353,4.85714285714286,5
440,7,14,0.411764705882353,4.85714285714286,5
441,7,14,0.411764705882353,4.85714285714286,5
442,7,14,0.411764705882353,4.85714285714286,5
443,7,14,0.411764705882353,4.85714285714286,5
444,7,14,0.411764705882353,4.85714285714286,5
445,7,14,0.411764705882353,4.85714285714286,5
446,7,14,0.411764705882353,4.85714285714286,5
447,7,14,0.411764705882353,4.85714285714286,5
448,7,14,0.411764705882353,4.85714285714286,5
449,7,14,0.411764705882353,4.85714285714286,5
450,7,14,0.411764705882353,4.85714285714286,5
451,7,14,0.411764705882353,4.85714285714286,5
452,7,14,0.411764705882353,4.85714285714286,5
453,7,14,0.411764705882353,4.85714285714286,5
454,7,14,0.411764705882353,4.85714285714286,5
455,7,14,0.411764705882353,4.85714285714286,5
456,7,14,0.411764705882353,4.85714285714286,5
457,7,14,0.411764705882353,4.85714285714286,5
458,7,14,0.411764705882353,4.85714285714286,5
459,7,14,0.411764705882353,4.85714285714286,5
460,7,14,0.411764705882353,4.85714285714286,5
461,7,14,0.411764705882353,4.85714285714286,5
462,7,14,0.411764705882353,4.85714285714286,5
463,7,14,0.411764705882353,4.85714285714286,5
464,7,14,0.411764705882353,4.85714285714286,5
465,7,14,0.411764705882353,4.85714285714286,5
466,7,14,0.411764705882353,4.85714285714286,5
467,7,14,0.411764705882353,4.85714285714286,5
468,7,14,0.411764705882353,4.85714285714286,5
469,7,14,0.411764705882353,4.85714285714286,5
470,7,14,0.411764705882353,4.85714285714286,5
471,7,14,0.411764705882353,4.85714285714286,5
472,7,14,0.411764705882353,4.85714285714286,5
473,7,14,0.411764705882353,4.85714285714286,5
474,7,14,0.411764705882353,4.85714285714286,5
475,7,14,0.411764705882353,4.85714285714286,5
476,7,14,0.411764705882353,4.85714285714286,5
477,7,14,0.411764705882353,4.85714285714286,5
478,7,14,0.411764705882353,4.85714285714286,5
479,7,14,0.411764705882353,4.85714285714286,5
480,7,14,0.411764705882353,4.85714285714286,5
481,7,14,0.411764705882353,4.85714285714286,5
482,7,14,0.411764705882353,4.85714285714286,5
483,7,14,0.411764705882353,4.85714285714286,5
484,7,14,0.411764705882353,4.85714285714286,5
485,7,14,0.411764705882353,4.85714285714286,5
486,7,14,0.411764705882353,4.85714285714286,5
487,7,14,0.411764705882353,4.85714285714286,5
488,7,14,0.411764705882353,4.85714285714286,5
489,7,14,0.411764705882353,4.85714285714286,5
490,7,14,0.411764705882353,4.85714285714286,5
491,7,14,0.411764705882353,4.85714285714286,5
492,7,14,0.411764705882353,4.85714285714286,5
493,7,14,0.411764705882353,4.85714285714286,5
494,7,14,0.411764705882353,4.85714285714286,5
495,7,14,0.411764705882353,4.85714285714286,5
496,7,14,0.411764705882353,4.85714285714286,5
497,7,14,0.411764705882353,4.85714285714286,5
498,7,14,0.411764705882353,4.85714285714286,5
499,7,14,0.411764705882353,4.85714285714286,5
500,7,14,0.411764705882353,4.85714285714286,5
501,7,14,0.411764705882353,4.85714285714286,5
502,7,14,0.411764705882353,4.85714285714286,5
503,7,14,0.411764705882353,4.85714285714286,5
504,7,14,0.411764705882353,4.85714285714286,5
505,7,14,0.411764705882353,4.85714285714286,5
506,7,14,0.411764705882353,4.85714285714286,5
507,7,14,0.411764705882353,4.85714285714286,5
508,7,14,0.411764705882353,4.85714285714286,5
509,7,14,0.411764705882353,4.85714285714286,5
510,7,14,0.411764705882353,4.85714285714286,5
511,7,14,0.411764705882353,4.85714285714286,5
512,7,14,0.411764705882353,4.85714285714286,5
513,7,14,0.411764705882353,4.85714285714286,5
514,7,14,0.411764705882353,4.85714285714286,5
515,7,14,0.411764705882353,4.85714285714286,5
516,7,14,0.411764705882353,4.85714285714286,5
517,7,14,0.411764705882353,4.85714285714286,5
518,7,14,0.411764705882353,4.85714285714286,5
519,7,14,0.411764705882353,4.85714285714286,5
520,7,14,0.411764705882353,4.85714285714286,5
521,7,14,0.411764705882353,4.85714285714286,5
522,7,14,0.411764705882353,4.85714285714286,5
523,7,14,0.411764705882353,4.85714285714286,5
524,7,14,0.411764705882353,4.85714285714286,5
525,7,14,0.411764705882353,4.85714285714286,5
526,7,14,0.411764705882353,4.85714285714286,5
527,7,14,0.411764705882353,4.85714285714286,5
528,7,14,0.411764705882353,4.85714285714286,5
529,7,14,0.411764705882353,4.85714285714286,5
530,7,14,0.411764705882353,4.85714285714286,5
531,7,14,0.411764705882353,4.85714285714286,5
532,7,14,0.411764705882353,4.85714285714286,5
533,7,14,0.411764705882353,4.85714285714286,5
534,7,14,0.411764705882353,4.85714285714286,5
535,7,14,0.411764705882353,4.85714285714286,5
536,7,14,0.411764705882353,4.85714285714286,5
537,7,14,0.411764705882353,4.85714285714286,5
538,7,14,0.411764705882353,4.85714285714286,5
539,7,14,0.411764705882353,4.85714285714286,5
540,7,14,0.411764705882353,4.85714285714286,5
541,7,14,0.411764705882353,4.85714285714286,5
542,7,14,0.411764705882353,4.85714285714286,5
543,7,14,0.411764705882353,4.85714285714286,5
544,7,14,0.411764705882353,4.85714285714286,5
545,7,14,0.411764705882353,4.85714285714286,5
546,7,14,0.411764705882353,4.85714285714286,5
547,7,14,0.411764705882353,4.85714285714286,5
548,7,14,0.411764705882353,4.85714285714286,5
549,7,14,0.411764705882353,4.85714285714286,5
550,7,14,0.411764705882353,4.85714285714286,5
551,7,14,0.411764705882353,4.85714285714286,5
552,7,14,0.411764705882353,4.85714285714286,5
553,7,14,0.411764705882353,4.85714285714286,5
554,7,14,0.411764705882353,4.85714285714286,5
555,7,14,0.411764705882353,4.85714285714286,5
556,7,14,0.411764705882353,4.85714285714286,5
557,7,14,0.411764705882353,4.85714285714286,5
558,7,14,0.411764705882353,4.85714285714286,5
559,7,14,0.411764705882353,4.85714285714286,5
560,7,14,0.411764705882353,4.85714285714286,5
561,7,14,0.411764705882353,4.85714285714286,5
562,7,14,0.411764705882353,4.85714285714286,5
563,7,14,0.411764705882353,4.85714285714286,5
564,7,14,0.411764705882353,4.85714285714286,5
565,7,14,0.411764705882353,4.85714285714286,5
566,7,14,0.411764705882353,4.85714285714286,5
567,7,14,0.411764705882353,4.85714285714286,5
568,7,14,0.411764705882353,4.85714285714286,5
569,7,14,0.411764705882353,4.85714285714286,5
570,7,14,0.411764705882353,4.85714285714286,5
571,7,14,0.411764705882353,4.85714285714286,5
572,7,14,0.411764705882353,4.85714285714286,5
573,7,14,0.411764705882353,4.85714285714286,5
574,7,14,0.411764705882353,4.85714285714286,5
575,7,14,0.411764705882353,4.85714285714286,5
576,7,14,0.411764705882353,4.85714285714286,5
577,7,14,0.411764705882353,4.85714285714286,5
578,7,14,0.411764705882353,4.85714285714286,5
579,7,14,0.411764705882353,4.85714285714286,5
580,7,14,0.411764705882353,4.85714285714286,5
581,7,14,0.411764705882353,4.85714285714286,5
582,7,14,0.411764705882353,4.85714285714286,5
583,7,14,0.411764705882353,4.85714285714286,5
584,7,14,0.411764705882353,4.85714285714286,5
585,7,14,0.411764705882353,4.85714285714286,5
586,7,14,0.411764705882353,4.85714285714286,5
587,7,14,0.411764705882353,4.85714285714286,5
588,7,14,0.411764705882353,4.85714285714286,5
589,7,14,0.411764705882353,4.85714285714286,5
590,7,14,0.411764705882353,4.85714285714286,5
591,7,14,0.411764705882353,4.85714285714286,5
592,7,14,0.411764705882353,4.85714285714286,5
593,7,14,0.411764705882353,4.85714285714286,5
594,7,14,0.411764705882353,4.85714285714286,5
595,7,14,0.411764705882353,4.85714285714286,5
596,7,14,0.411764705882353,4.85714285714286,5
597,7,14,0.411764705882353,4.85714285714286,5
598,7,14,0.411764705882353,4.85714285714286,5
599,7,14,0.411764705882353,4.85714285714286,5
600,7,14,0.411764705882353,4.85714285714286,5
601,7,14,0.411764705882353,4.85714285714286,5
602,7,14,0.411764705882353,4.85714285714286,5
603,7,14,0.411764705882353,4.85714285714286,5
604,7,14,0.411764705882353,4.85714285714286,5
605,7,14,0.411764705882353,4.85714285714286,5
606,7,14,0.411764705882353,4.85714285714286,5
607,7,14,0.411764705882353,4.85714285714286,5
608,7,14,0.411764705882353,4.85714285714286,5
609,7,14,0.411764705882353,4.85714285714286,5
610,7,14,0.411764705882353,4.85714285714286,5
611,7,14,0.411764705882353,4.85714285714286,5
612,7,14,0.411764705882353,4.85714285714286,5
613,7,14,0.411764705882353,4.85714285714286,5
614,7,14,0.411764705882353,4.85714285714286,5
615,7,14,0.411764705882353,4.85714285714286,5
616,7,14,0.411764705882353,4.85714285714286,5
617,7,14,0.411764705882353,4.85714285714286,5
618,7,14,0.411764705882353,4.85714285714286,5
619,7,14,0.411764705882353,4.85714285714286,5
620,7,14,0.411764705882353,4.85714285714286,5
621,7,14,0.411764705882353,4.85714285714286,5
622,7,14,0.411764705882353,4.85714285714286,5
623,7,14,0.411764705882353,4.85714285714286,5
624,7,14,0.411764705882353,4.85714285714286,5
625,7,14,0.411764705882353,4.85714285714286,5
626,7,14,0.411764705882353,4.85714285714286,5
627,7,14,0.411764705882353,4.85714285714286,5
628,7,14,0.411764705882353,4.85714285714286,5
629,7,14,0.411764705882353,4.85714285714286,5
630,7,14,0.411764705882353,4.85714285714286,5
631,7,14,0.411764705882353,4.85714285714286,5
632,7,14,0.411764705882353,4.85714285714286,5
633,7,14,0.411764705882353,4.85714285714286,5
634,7,14,0.411764705882353,4.85714285714286,5
635,7,14,0.411764705882353,4.85714285714286,5
636,7,14,0.411764705882353,4.85714285714286,5
637,7,14,0.411764705882353,4.85714285714286,5
638,7,14,0.411764705882353,4.85714285714286,5
639,7,14,0.411764705882353,4.85714285714286,5
640,7,14,0.411764705882353,4.85714285714286,5
641,7,14,0.411764705882353,4.85714285714286,5
642,7,14,0.411764705882353,4.85714285714286,5
643,7,14,0.411764705882353,4.85714285714286,5
644,7,14,0.411764705882353,4.85714285714286,5
645,7,14,0.411764705882353,4.85714285714286,5
646,7,14,0.411764705882353,4.85714285714286,5
647,7,14,0.411764705882353,4.85714285714286,5
648,7,14,0.411764705882353,4.85714285714286,5
649,7,14,0.411764705882353,4.85714285714286,5
650,7,14,0.411764705882353,4.85714285714286,5
651,7,14,0.411764705882353,4.85714285714286,5
652,7,14,0.411764705882353,4.85714285714286,5
653,7,14,0.411764705882353,4.85714285714286,5
654,7,14,0.411764705882353,4.85714285714286,5
655,7,14,0.411764705882353,4.85714285714286,5
656,7,14,0.411764705882353,4.85714285714286,5
657,7,14,0.411764705882353,4.85714285714286,5
658,7,14,0.411764705882353,4.85714285714286,5
659,7,14,0.411764705882353,4.85714285714286,5
660,7,14,0.411764705882353,4.85714285714286,5
661,7,14,0.411764705882353,4.85714285714286,5
662,7,14,0.411764705882353,4.85714285714286,5
663,7,14,0.411764705882353,4.85714285714286,5
664,7,14,0.411764705882353,4.85714285714286,5
665,6,15,0.441176470588235,5.66666666666667,5.5
666,6,15,0.441176470588235,5.66666666666667,5.5
667,6,15,0.441176470588235,5.66666666666667,5.5
668,6,15,0.441176470588235,5.66666666666667,5.5
669,6,15,0.441176470588235,5.66666666666667,5.5
670,6,15,0.441176470588235,5.66666666666667,5.5
671,6,15,0.441176470588235,5.66666666666667,5.5
672,6,15,0.441176470588235,5.66666666666667,5.5
673,6,15,0.441176470588235,5.66666666666667,5.5
674,6,15,0.441176470588235,5.66666666666667,5.5
675,6,15,0.441176470588235,5.66666666666667,5.5
676,6,15,0.441176470588235,5.66666666666667,5.5
677,6,15,0.441176470588235,5.66666666666667,5.5
678,6,15,0.441176470588235,5.66666666666667,5.5
679,6,15,0.441176470588235,5.66666666666667,5.5
680,6,15,0.441176470588235,5.66666666666667,5.5
681,6,15,0.441176470588235,5.66666666666667,5.5
682,6,15,0.441176470588235,5.66666666666667,5.5
683,6,15,0.441176470588235,5.66666666666667,5.5
684,6,15,0.441176470588235,5.66666666666667,5.5
685,6,15,0.441176470588235,5.66666666666667,5.5
686,6,15,0.441176470588235,5.66666666666667,5.5
687,6,15,0.441176470588235,5.66666666666667,5.5
688,6,15,0.441176470588235,5.66666666666667,5.5
689,6,15,0.441176470588235,5.66666666666667,5.5
690,6,15,0.441176470588235,5.66666666666667,5.5
691,6,15,0.441176470588235,5.66666666666667,5.5
692,6,15,0.441176470588235,5.66666666666667,5.5
693,6,15,0.441176470588235,5.66666666666667,5.5
694,6,15,0.441176470588235,5.66666666666667,5.5
695,6,15,0.441176470588235,5.66666666666667,5.5
696,6,15,0.441176470588235,5.66666666666667,5.5
697,6,15,0.441176470588235,5.66666666666667,5.5
698,6,15,0.441176470588235,5.66666666666667,5.5
699,6,15,0.441176470588235,5.66666666666667,5.5
700,6,15,0.441176470588235,5.66666666666667,5.5
701,6,15,0.441176470588235,5.66666666666667,5.5
702,6,15,0.441176470588235,5.66666666666667,5.5
703,6,15,0.441176470588235,5.66666666666667,5.5
704,6,15,0.441176470588235,5.66666666666667,5.5
705,6,15,0.441176470588235,5.66666666666667,5.5
706,6,15,0.441176470588235,5.66666666666667,5.5
707,6,15,0.441176470588235,5.66666666666667,5.5
708,6,15,0.441176470588235,5.66666666666667,5.5
709,6,15,0.441176470588235,5.66666666666667,5.5
710,6,15,0.441176470588235,5.66666666666667,5.5
711,6,15,0.441176470588235,5.66666666666667,5.5
712,6,15,0.441176470588235,5.66666666666667,5.5
713,6,15,0.441176470588235,5.66666666666667,5.5
714,6,15,0.441176470588235,5.66666666666667,5.5
715,6,15,0.441176470588235,5.66666666666667,5.5
716,6,15,0.441176470588235,5.66666666666667,5.5
717,6,15,0.441176470588235,5.66666666666667,5.5
718,6,15,0.441176470588235,5.66666666666667,5.5
719,6,15,0.441176470588235,5.66666666666667,5.5
720,6,15,0.441176470588235,5.66666666666667,5.5
721,6,15,0.441176470588235,5.66666666666667,5.5
722,6,15,0.441176470588235,5.66666666666667,5.5
723,6,15,0.441176470588235,5.66666666666667,5.5
724,6,15,0.441176470588235,5.66666666666667,5.5
725,6,15,0.441176470588235,5.66666666666667,5.5
726,6,15,0.441176470588235,5.66666666666667,5.5
727,6,15,0.441176470588235,5.66666666666667,5.5
728,6,15,0.441176470588235,5.66666666666667,5.5
729,6,15,0.441176470588235,5.66666666666667,5.5
730,6,15,0.441176470588235,5.66666666666667,5.5
731,6,15,0.441176470588235,5.66666666666667,5.5
732,6,15,0.441176470588235,5.66666666666667,5.5
733,6,15,0.441176470588235,5.66666666666667,5.5
734,6,15,0.441176470588235,5.66666666666667,5.5
735,6,15,0.441176470588235,5.66666666666667,5.5
736,6,15,0.441176470588235,5.66666666666667,5.5
737,6,15,0.441176470588235,5.66666666666667,5.5
738,6,15,0.441176470588235,5.66666666666667,5.5
739,6,15,0.441176470588235,5.66666666666667,5.5
740,6,15,0.441176470588235,5.66666666666667,5.5
741,6,15,0.441176470588235,5.66666666666667,5.5
742,6,15,0.441176470588235,5.66666666666667,5.5
743,6,15,0.441176470588235,5.66666666666667,5.5
744,6,15,0.441176470588235,5.66666666666667,5.5
745,6,15,0.441176470588235,5.66666666666667,5.5
746,6,15,0.441176470588235,5.66666666666667,5.5
747,6,15,0.441176470588235,5.66666666666667,5.5
748,6,15,0.441176470588235,5.66666666666667,5.5
749,6,15,0.441176470588235,5.66666666666667,5.5
750,6,15,0.441176470588235,5.66666666666667,5.5
751,6,15,0.441176470588235,5.66666666666667,5.5
752,6,15,0.441176470588235,5.66666666666667,5.5
753,6,15,0.441176470588235,5.66666666666667,5.5
754,6,15,0.441176470588235,5.66666666666667,5.5
755,6,15,0.441176470588235,5.66666666666667,5.5
756,6,15,0.441176470588235,5.66666666666667,5.5
757,6,15,0.441176470588235,5.66666666666667,5.5
758,6,15,0.441176470588235,5.66666666666667,5.5
759,6,15,0.441176470588235,5.66666666666667,5.5
760,6,15,0.441176470588235,5.66666666666667,5.5
761,6,15,0.441176470588235,5.66666666666667,5.5
762,6,15,0.441176470588235,5.66666666666667,5.5
763,6,15,0.441176470588235,5.66666666666667,5.5
764,6,15,0.441176470588235,5.66666666666667,5.5
765,6,15,0.441176470588235,5.66666666666667,5.5
766,6,15,0.441176470588235,5.66666666666667,5.5
767,6,15,0.441176470588235,5.66666666666667,5.5
768,6,15,0.441176470588235,5.66666666666667,5.5
769,6,15,0.441176470588235,5.66666666666667,5.5
770,6,15,0.441176470588235,5.66666666666667,5.5
771,6,15,0.441176470588235,5.66666666666667,5.5
772,6,15,0.441176470588235,5.66666666666667,5.5
773,6,15,0.441176470588235,5.66666666666667,5.5
774,6,15,0.441176470588235,5.66666666666667,5.5
775,6,15,0.441176470588235,5.66666666666667,5.5
776,6,15,0.441176470588235,5.66666666666667,5.5
777,6,15,0.441176470588235,5.66666666666667,5.5
778,6,15,0.441176470588235,5.66666666666667,5.5
779,6,15,0.441176470588235,5.66666666666667,5.5
780,6,15,0.441176470588235,5.66666666666667,5.5
781,6,15,0.441176470588235,5.66666666666667,5.5
782,6,15,0.441176470588235,5.66666666666667,5.5
783,6,15,0.441176470588235,5.66666666666667,5.5
784,6,15,0.441176470588235,5.66666666666667,5.5
785,6,15,0.441176470588235,5.66666666666667,5.5
786,6,15,0.441176470588235,5.66666666666667,5.5
787,6,15,0.441176470588235,5.66666666666667,5.5
788,6,15,0.441176470588235,5.66666666666667,5.5
789,6,15,0.441176470588235,5.66666666666667,5.5
790,6,15,0.441176470588235,5.66666666666667,5.5
791,6,15,0.441176470588235,5.66666666666667,5.5
792,6,15,0.441176470588235,5.66666666666667,5.5
793,6,15,0.441176470588235,5.66666666666667,5.5
794,6,15,0.441176470588235,5.66666666666667,5.5
795,6,15,0.441176470588235,5.66666666666667,5.5
796,6,15,0.441176470588235,5.66666666666667,5.5
797,6,15,0.441176470588235,5.66666666666667,5.5
798,6,15,0.441176470588235,5.66666666666667,5.5
799,6,15,0.441176470588235,5.66666666666667,5.5
800,6,15,0.441176470588235,5.66666666666667,5.5
801,6,15,0.441176470588235,5.66666666666667,5.5
802,6,15,0.441176470588235,5.66666666666667,5.5
803,6,15,0.441176470588235,5.66666666666667,5.5
804,6,15,0.441176470588235,5.66666666666667,5.5
805,6,15,0.441176470588235,5.66666666666667,5.5
806,6,15,0.441176470588235,5.66666666666667,5.5
807,6,15,0.441176470588235,5.66666666666667,5.5
808,6,15,0.441176470588235,5.66666666666667,5.5
809,6,15,0.441176470588235,5.66666666666667,5.5
810,6,15,0.441176470588235,5.66666666666667,5.5
811,6,15,0.441176470588235,5.66666666666667,5.5
812,6,15,0.441176470588235,5.66666666666667,5.5
813,6,15,0.441176470588235,5.66666666666667,5.5
814,6,15,0.441176470588235,5.66666666666667,5.5
815,6,15,0.441176470588235,5.66666666666667,5.5
816,6,15,0.441176470588235,5.66666666666667,5.5
817,6,15,0.441176470588235,5.66666666666667,5.5
818,6,15,0.441176470588235,5.66666666666667,5.5
819,6,15,0.441176470588235,5.66666666666667,5.5
820,6,15,0.441176470588235,5.66666666666667,5.5
821,6,15,0.441176470588235,5.66666666666667,5.5
822,6,15,0.441176470588235,5.66666666666667,5.5
823,6,15,0.441176470588235,5.66666666666667,5.5
824,6,15,0.441176470588235,5.66666666666667,5.5
825,6,15,0.441176470588235,5.66666666666667,5.5
826,6,15,0.441176470588235,5.66666666666667,5.5
827,6,15,0.441176470588235,5.66666666666667,5.5
828,6,15,0.441176470588235,5.66666666666667,5.5
829,6,15,0.441176470588235,5.66666666666667,5.5
830,6,15,0.441176470588235,5.66666666666667,5.5
831,6,15,0.441176470588235,5.66666666666667,5.5
832,6,15,0.441176470588235,5.66666666666667,5.5
833,6,15,0.441176470588235,5.66666666666667,5.5
834,6,15,0.441176470588235,5.66666666666667,5.5
835,6,15,0.441176470588235,5.66666666666667,5.5
836,6,15,0.441176470588235,5.66666666666667,5.5
837,6,15,0.441176470588235,5.66666666666667,5.5
838,6,15,0.441176470588235,5.66666666666667,5.5
839,6,15,0.441176470588235,5.66666666666667,5.5
840,6,15,0.441176470588235,5.66666666666667,5.5
841,6,15,0.441176470588235,5.66666666666667,5.5
842,6,15,0.441176470588235,5.66666666666667,5.5
843,6,15,0.441176470588235,5.66666666666667,5.5
844,6,15,0.441176470588235,5.66666666666667,5.5
845,6,15,0.441176470588235,5.66666666666667,5.5
846,6,15,0.441176470588235,5.66666666666667,5.5
847,6,15,0.441176470588235,5.66666666666667,5.5
848,6,15,0.441176470588235,5.66666666666667,5.5
849,6,15,0.441176470588235,5.66666666666667,5.5
850,6,15,0.441176470588235,5.66666666666667,5.5
851,6,15,0.441176470588235,5.66666666666667,5.5
852,6,15,0.441176470588235,5.66666666666667,5.5
853,6,15,0.441176470588235,5.66666666666667,5.5
854,6,15,0.441176470588235,5.66666666666667,5.5
855,6,15,0.441176470588235,5.66666666666667,5.5
856,6,15,0.441176470588235,5.66666666666667,5.5
857,6,15,0.441176470588235,5.66666666666667,5.5
858,6,15,0.441176470588235,5.66666666666667,5.5
859,6,15,0.441176470588235,5.66666666666667,5.5
860,6,15,0.441176470588235,5.66666666666667,5.5
861,5,15,0.441176470588235,6.8,6
862,5,15,0.441176470588235,6.8,6
863,5,15,0.441176470588235,6.8,6
864,5,15,0.441176470588235,6.8,6
865,5,15,0.441176470588235,6.8,6
866,5,15,0.441176470588235,6.8,6
867,5,15,0.441176470588235,6.8,6
868,5,15,0.441176470588235,6.8,6
869,5,15,0.441176470588235,6.8,6
870,5,15,0.441176470588235,6.8,6
871,5,15,0.441176470588235,6.8,6
872,5,15,0.441176470588235,6.8,6
873,5,15,0.441176470588235,6.8,6
874,5,15,0.441176470588235,6.8,6
875,5,15,0.441176470588235,6.8,6
876,5,15,0.441176470588235,6.8,6
877,5,15,0.441176470588235,6.8,6
878,5,15,0.441176470588235,6.8,6
879,5,15,0.441176470588235,6.8,6
880,5,15,0.441176470588235,6.8,6
881,5,15,0.441176470588235,6.8,6
882,5,15,0.441176470588235,6.8,6
883,5,15,0.441176470588235,6.8,6
884,5,15,0.441176470588235,6.8,6
885,5,15,0.441176470588235,6.8,6
886,5,15,0.441176470588235,6.8,6
887,5,15,0.441176470588235,6.8,6
888,5,15,0.441176470588235,6.8,6
889,5,15,0.441176470588235,6.8,6
890,5,15,0.441176470588235,6.8,6
891,5,15,0.441176470588235,6.8,6
892,5,15,0.441176470588235,6.8,6
893,5,15,0.441176470588235,6.8,6
894,5,15,0.441176470588235,6.8,6
895,5,15,0.441176470588235,6.8,6
896,5,15,0.441176470588235,6.8,6
897,5,15,0.441176470588235,6.8,6
898,5,15,0.441176470588235,6.8,6
899,5,15,0.441176470588235,6.8,6
900,5,15,0.441176470588235,6.8,6
901,5,15,0.441176470588235,6.8,6
902,5,15,0.441176470588235,6.8,6
903,5,15,0.441176470588235,6.8,6
904,5,15,0.441176470588235,6.8,6
905,5,15,0.441176470588235,6.8,6
906,5,15,0.441176470588235,6.8,6
907,5,15,0.441176470588235,6.8,6
908,5,15,0.441176470588235,6.8,6
909,5,15,0.441176470588235,6.8,6
910,5,15,0.441176470588235,6.8,6
911,5,15,0.441176470588235,6.8,6
912,5,15,0.441176470588235,6.8,6
913,5,15,0.441176470588235,6.8,6
914,5,15,0.441176470588235,6.8,6
915,5,15,0.441176470588235,6.8,6
916,5,15,0.441176470588235,6.8,6
917,5,15,0.441176470588235,6.8,6
918,5,15,0.441176470588235,6.8,6
919,5,15,0.441176470588235,6.8,6
920,5,15,0.441176470588235,6.8,6
921,5,15,0.441176470588235,6.8,6
922,5,15,0.441176470588235,6.8,6
923,5,15,0.441176470588235,6.8,6
924,5,15,0.441176470588235,6.8,6
925,5,15,0.441176470588235,6.8,6
926,5,15,0.441176470588235,6.8,6
927,5,15,0.441176470588235,6.8,6
928,5,15,0.441176470588235,6.8,6
929,5,15,0.441176470588235,6.8,6
930,5,15,0.441176470588235,6.8,6
931,5,15,0.441176470588235,6.8,6
932,5,15,0.441176470588235,6.8,6
933,5,15,0.441176470588235,6.8,6
934,5,15,0.441176470588235,6.8,6
935,5,15,0.441176470588235,6.8,6
936,5,15,0.441176470588235,6.8,6
937,5,15,0.441176470588235,6.8,6
938,5,15,0.441176470588235,6.8,6
939,5,15,0.441176470588235,6.8,6
940,5,15,0.441176470588235,6.8,6
941,5,15,0.441176470588235,6.8,6
942,5,15,0.441176470588235,6.8,6
943,5,15,0.441176470588235,6.8,6
944,5,15,0.441176470588235,6.8,6
945,5,15,0.441176470588235,6.8,6
946,5,15,0.441176470588235,6.8,6
947,5,15,0.441176470588235,6.8,6
948,5,15,0.441176470588235,6.8,6
949,5,15,0.441176470588235,6.8,6
950,5,15,0.441176470588235,6.8,6
951,5,15,0.441176470588235,6.8,6
952,5,15,0.441176470588235,6.8,6
953,5,15,0.441176470588235,6.8,6
954,5,15,0.441176470588235,6.8,6
955,5,15,0.441176470588235,6.8,6
956,5,15,0.441176470588235,6.8,6
957,5,15,0.441176470588235,6.8,6
958,5,15,0.441176470588235,6.8,6
959,5,15,0.441176470588235,6.8,6
960,5,15,0.441176470588235,6.8,6
961,5,15,0.441176470588235,6.8,6
962,5,15,0.441176470588235,6.8,6
963,5,15,0.441176470588235,6.8,6
964,5,15,0.441176470588235,6.8,6
965,5,15,0.441176470588235,6.8,6
966,5,15,0.441176470588235,6.8,6
967,5,15,0.441176470588235,6.8,6
968,5,15,0.441176470588235,6.8,6
969,5,15,0.441176470588235,6.8,6
970,5,15,0.441176470588235,6.8,6
971,5,15,0.441176470588235,6.8,6
972,5,15,0.441176470588235,6.8,6
973,5,15,0.441176470588235,6.8,6
974,5,15,0.441176470588235,6.8,6
975,5,15,0.441176470588235,6.8,6
976,5,15,0.441176470588235,6.8,6
977,5,15,0.441176470588235,6.8,6
978,5,15,0.441176470588235,6.8,6
979,5,15,0.441176470588235,6.8,6
980,5,15,0.441176470588235,6.8,6
981,5,15,0.441176470588235,6.8,6
982,5,15,0.441176470588235,6.8,6
983,5,15,0.441176470588235,6.8,6
984,5,15,0.441176470588235,6.8,6
985,5,15,0.441176470588235,6.8,6
986,5,15,0.441176470588235,6.8,6
987,5,15,0.441176470588235,6.8,6
988,5,15,0.441176470588235,6.8,6
989,5,15,0.441176470588235,6.8,6
990,5,15,0.441176470588235,6.8,6
991,5,15,0.441176470588235,6.8,6
992,5,15,0.441176470588235,6.8,6
993,5,15,0.441176470588235,6.8,6
994,5,15,0.441176470588235,6.8,6
995,5,15,0.441176470588235,6.8,6
996,5,15,0.441176470588235,6.8,6
997,5,15,0.441176470588235,6.8,6
998,5,15,0.441176470588235,6.8,6
999,5,15,0.441176470588235,6.8,6
1000,5,15,0.441176470588235,6.8,6
